{
  "@/css/messages-ie.css": {
    "hashes": {
      "sha256": "m/w+b7SCeWpb21IMufrpEm9vnQznUD271Vn821jH02o=",
      "sha512": "jgb1vIbg77T+/lc5VSUzo5ZsuzstkNQd7UEA/YkLGEmdWsRBXC6BRIBHT1dsjQjWiq2oYwDdsUd6wUrkmh5N9g=="
    },
    "integrity": "sha256-m/w+b7SCeWpb21IMufrpEm9vnQznUD271Vn821jH02o= sha512-jgb1vIbg77T+/lc5VSUzo5ZsuzstkNQd7UEA/YkLGEmdWsRBXC6BRIBHT1dsjQjWiq2oYwDdsUd6wUrkmh5N9g==",
    "path": "/css/messages-ie.css"
  },
  "@/css/messages-ie.min.css": {
    "hashes": {
      "sha256": "i4MM10j6xeoXIs8YbC8sJpanSUh5NJpSJEOnNIrzP2U=",
      "sha512": "ocdeIcoiGqS+tRjrYeLPxXpB1iITTqkf2nH3gJDiH4/QVXi9JTmyuh9+E9HlL81odh4NXa19IfcTq7wTjusnfw=="
    },
    "integrity": "sha256-i4MM10j6xeoXIs8YbC8sJpanSUh5NJpSJEOnNIrzP2U= sha512-ocdeIcoiGqS+tRjrYeLPxXpB1iITTqkf2nH3gJDiH4/QVXi9JTmyuh9+E9HlL81odh4NXa19IfcTq7wTjusnfw==",
    "path": "/css/messages-ie.min.css"
  },
  "@/css/messages.css": {
    "hashes": {
      "sha256": "OCLd7DwlV9SO/ryl7v9GXwAsjIcEljkZ4mAobHIVhys=",
      "sha512": "T+K/pzCRLxm1ZJyhwa2AOgDPxt7E+eAI3LzWYvx1j8F2Qu19J5Ry4CAq3ajGpt4B9WpxICajD3bEqhDa/oDTnA=="
    },
    "integrity": "sha256-OCLd7DwlV9SO/ryl7v9GXwAsjIcEljkZ4mAobHIVhys= sha512-T+K/pzCRLxm1ZJyhwa2AOgDPxt7E+eAI3LzWYvx1j8F2Qu19J5Ry4CAq3ajGpt4B9WpxICajD3bEqhDa/oDTnA==",
    "path": "/css/messages.css"
  },
  "@/css/messages.min.css": {
    "hashes": {
      "sha256": "PBm2pCuMu7KCrDeMW195Uwr5+FMLy8RMjR6pB8KA43o=",
      "sha512": "k7jiZ7xiVUo0Elj2h8Fgz59N/RSwMDP37ZqElUoLbGJn/EDARf1s176Whh5x+Tlpcficw3+nELxoTRbL/Bs1Rg=="
    },
    "integrity": "sha256-PBm2pCuMu7KCrDeMW195Uwr5+FMLy8RMjR6pB8KA43o= sha512-k7jiZ7xiVUo0Elj2h8Fgz59N/RSwMDP37ZqElUoLbGJn/EDARf1s176Whh5x+Tlpcficw3+nELxoTRbL/Bs1Rg==",
    "path": "/css/messages.min.css"
  },
  "@/css/theme-srv.css": {
    "hashes": {
      "sha256": "/BlKGTEpGb2nEjRIusqFDnQog1Lc4iJpJZ00n3Ur4Jg=",
      "sha512": "BQCRpBK2LSMT5p/zIGipM6Ft8//wlaw4VEbwVK1B4OsSCRmJDoNku8/asUbW7cJJ00aY2Rqqt+Lywk0wX0tM8w=="
    },
    "integrity": "sha256-/BlKGTEpGb2nEjRIusqFDnQog1Lc4iJpJZ00n3Ur4Jg= sha512-BQCRpBK2LSMT5p/zIGipM6Ft8//wlaw4VEbwVK1B4OsSCRmJDoNku8/asUbW7cJJ00aY2Rqqt+Lywk0wX0tM8w==",
    "path": "/css/theme-srv.css"
  },
  "@/css/theme-srv.min.css": {
    "hashes": {
      "sha256": "tN8iQNZDypBA8AWZOkaIBc/X+5WGXHNlwf3fsg/WpMc=",
      "sha512": "U9k3RaREudqhlZl5vOVU6TVysx+VRYeN1nDHPViTOI8jty/EeHawoI2b16X0Tp3JPW+raHs0ygNOgY8ojIM1hA=="
    },
    "integrity": "sha256-tN8iQNZDypBA8AWZOkaIBc/X+5WGXHNlwf3fsg/WpMc= sha512-U9k3RaREudqhlZl5vOVU6TVysx+VRYeN1nDHPViTOI8jty/EeHawoI2b16X0Tp3JPW+raHs0ygNOgY8ojIM1hA==",
    "path": "/css/theme-srv.min.css"
  },
  "@/css/theme.css": {
    "hashes": {
      "sha256": "WoOBBMDRVqOKKUd1uNzr51T3+NkAPEO+khMXgwX4N5k=",
      "sha512": "LerOH8na0XdseYJX+Xl2cAcey29HUkXhGuxvihRXVTA+AzPpm2poGyXqmq/7NWcHw+yjAxVDhLQNzxF8ReRQUw=="
    },
    "integrity": "sha256-WoOBBMDRVqOKKUd1uNzr51T3+NkAPEO+khMXgwX4N5k= sha512-LerOH8na0XdseYJX+Xl2cAcey29HUkXhGuxvihRXVTA+AzPpm2poGyXqmq/7NWcHw+yjAxVDhLQNzxF8ReRQUw==",
    "path": "/css/theme.css"
  },
  "@/css/theme.min.css": {
    "hashes": {
      "sha256": "/jtOwh117RptTzEye0UVlvmj+x3OvYx0UPIIR4fi8VY=",
      "sha512": "2YGOmd0QvGPn8s8IvGHCgb/4tL+xloFdiAFlwdIvkyBxH01fvOPn4AraoeS8koIuAlhs55X08XaxShTw2CvU8g=="
    },
    "integrity": "sha256-/jtOwh117RptTzEye0UVlvmj+x3OvYx0UPIIR4fi8VY= sha512-2YGOmd0QvGPn8s8IvGHCgb/4tL+xloFdiAFlwdIvkyBxH01fvOPn4AraoeS8koIuAlhs55X08XaxShTw2CvU8g==",
    "path": "/css/theme.min.css"
  },
  "@/css/wet-boew.css": {
    "hashes": {
      "sha256": "TqnlJrx7aIixrAQmzT5k37qk5rRE+4+SGGlXdZT08Z8=",
      "sha512": "Pzj8FMB4QZLDACwTR4K30n1IloWY2VRxUO3ssqeW0FoxmCwCjC8oIpM5kcUf3nV3fYZ1sZn88kgU0kwArGbJ0A=="
    },
    "integrity": "sha256-TqnlJrx7aIixrAQmzT5k37qk5rRE+4+SGGlXdZT08Z8= sha512-Pzj8FMB4QZLDACwTR4K30n1IloWY2VRxUO3ssqeW0FoxmCwCjC8oIpM5kcUf3nV3fYZ1sZn88kgU0kwArGbJ0A==",
    "path": "/css/wet-boew.css"
  },
  "@/css/wet-boew.min.css": {
    "hashes": {
      "sha256": "jCZMcLwSRqkLdv4BJKOnvmGE7rMKw022fUapvOfHKVs=",
      "sha512": "I/bCD2990hAxhkzeaydSlTzCcAcaO27mwurhqPI/OEZoLYrLx1LDyX6PMk7ygwhL7RElHI8KK+QmgXKVbi9tiw=="
    },
    "integrity": "sha256-jCZMcLwSRqkLdv4BJKOnvmGE7rMKw022fUapvOfHKVs= sha512-I/bCD2990hAxhkzeaydSlTzCcAcaO27mwurhqPI/OEZoLYrLx1LDyX6PMk7ygwhL7RElHI8KK+QmgXKVbi9tiw==",
    "path": "/css/wet-boew.min.css"
  },
  "@/js/theme.js": {
    "hashes": {
      "sha256": "HTSjZ8IucMlJYxtGpChiCeH/nD0PyenzJW1xJXbbvNg=",
      "sha512": "k2FodR/x4fsnOa6q0aQwrlRrOtBvvk2QvH1FZlgoc4HH6mB0dcNc37WZKfVYxdeiTLbBv9wFUBIfH5FixHOhdw=="
    },
    "integrity": "sha256-HTSjZ8IucMlJYxtGpChiCeH/nD0PyenzJW1xJXbbvNg= sha512-k2FodR/x4fsnOa6q0aQwrlRrOtBvvk2QvH1FZlgoc4HH6mB0dcNc37WZKfVYxdeiTLbBv9wFUBIfH5FixHOhdw==",
    "path": "/js/theme.js"
  },
  "@/js/theme.min.js": {
    "hashes": {
      "sha256": "cXwztAROGK8Aydglr7Tah7R8lnJQXgVDzLD5OVv4uGc=",
      "sha512": "2PxookI138yQZvKbqg5Ns5ZI5n/weMThCFAX3bfZ5N0xfTnvd98jblDlej21I0jB6Ingi9nFrdnZW+TmJdY2/g=="
    },
    "integrity": "sha256-cXwztAROGK8Aydglr7Tah7R8lnJQXgVDzLD5OVv4uGc= sha512-2PxookI138yQZvKbqg5Ns5ZI5n/weMThCFAX3bfZ5N0xfTnvd98jblDlej21I0jB6Ingi9nFrdnZW+TmJdY2/g==",
    "path": "/js/theme.min.js"
  },
  "@/méli-mélo/2021-03-trial.css": {
    "hashes": {
      "sha256": "XLbbEfYecdjmJKd5LG3xivroEH0edOnsjoZdV0wbaEk=",
      "sha512": "f2B9Lk5YdV7YMWIGCY3s9Ps3lzSVWSPwo7uheQtcwq+iFg0ugHzF/gSKxKRUlPvvIFgmfSwDKfNoEJMpfMHvmw=="
    },
    "integrity": "sha256-XLbbEfYecdjmJKd5LG3xivroEH0edOnsjoZdV0wbaEk= sha512-f2B9Lk5YdV7YMWIGCY3s9Ps3lzSVWSPwo7uheQtcwq+iFg0ugHzF/gSKxKRUlPvvIFgmfSwDKfNoEJMpfMHvmw==",
    "path": "/méli-mélo/2021-03-trial.css"
  },
  "@/méli-mélo/2021-03-trial.js": {
    "hashes": {
      "sha256": "MKDMUF1DiFPCzy/Z8kJDbi6AZ+KVpXw0dFdT7yFxmHY=",
      "sha512": "S8x8n37Trsaj1wrNK9xh5pdscb2sPlgjbp9PAQi89zP1mRwVSCQ2J2HbIhz87pklpnY6fE6R4pwyJA6uq8o06g=="
    },
    "integrity": "sha256-MKDMUF1DiFPCzy/Z8kJDbi6AZ+KVpXw0dFdT7yFxmHY= sha512-S8x8n37Trsaj1wrNK9xh5pdscb2sPlgjbp9PAQi89zP1mRwVSCQ2J2HbIhz87pklpnY6fE6R4pwyJA6uq8o06g==",
    "path": "/méli-mélo/2021-03-trial.js"
  },
  "@/méli-mélo/2021-03-trial.min.css": {
    "hashes": {
      "sha256": "peY3AxExPmbbOM4mgb8qRFEyC7p1LUgv7IUnz3KT+58=",
      "sha512": "kP9Hno21DxMXFI7j5m/i3oaLAIiqMsRw5NjKZL2R21jcn3tJhQPm3F/8TlWsQXb4J6kd01HcRp624lF62zFDYg=="
    },
    "integrity": "sha256-peY3AxExPmbbOM4mgb8qRFEyC7p1LUgv7IUnz3KT+58= sha512-kP9Hno21DxMXFI7j5m/i3oaLAIiqMsRw5NjKZL2R21jcn3tJhQPm3F/8TlWsQXb4J6kd01HcRp624lF62zFDYg==",
    "path": "/méli-mélo/2021-03-trial.min.css"
  },
  "@/méli-mélo/2021-03-trial.min.js": {
    "hashes": {
      "sha256": "2PUS0EJw5hlE+lI1EMfBkKe2mop5b6NirJv3N5pyTn4=",
      "sha512": "xt/K1gcdPAq2WEJvT7SKelBDwTMwUeTCfM+2ddchGPMQM2Ur3rMic6bWChkJGTobx+wqR1O3MpC1V+8Ifk5Z0A=="
    },
    "integrity": "sha256-2PUS0EJw5hlE+lI1EMfBkKe2mop5b6NirJv3N5pyTn4= sha512-xt/K1gcdPAq2WEJvT7SKelBDwTMwUeTCfM+2ddchGPMQM2Ur3rMic6bWChkJGTobx+wqR1O3MpC1V+8Ifk5Z0A==",
    "path": "/méli-mélo/2021-03-trial.min.js"
  },
  "@/méli-mélo/2021-04-gcaem.css": {
    "hashes": {
      "sha256": "fPyX2dv/86FJjt6o3/tRJH898qqz0PR/FWRAU+qgzCc=",
      "sha512": "deShaq78dnYvqf4D/zyH3h339BfgETdpuk579mBp8LSxld8oXdmjBVyIb5H1eZubMC4+jWbGGbbb2Bg4JYy58g=="
    },
    "integrity": "sha256-fPyX2dv/86FJjt6o3/tRJH898qqz0PR/FWRAU+qgzCc= sha512-deShaq78dnYvqf4D/zyH3h339BfgETdpuk579mBp8LSxld8oXdmjBVyIb5H1eZubMC4+jWbGGbbb2Bg4JYy58g==",
    "path": "/méli-mélo/2021-04-gcaem.css"
  },
  "@/méli-mélo/2021-04-gcaem.js": {
    "hashes": {
      "sha256": "GChdwl7oJ32uDn0EHMq8SSbogO1sZzKUTsBcnA5IQ+k=",
      "sha512": "ee5tp5aDacCSGgiECgzGa2/Bef1LnXUPKrcGlzyouKF5XIo9+KjS5oq7FFc95ifp3m5u5zdIHlVp1KV/ELxS4g=="
    },
    "integrity": "sha256-GChdwl7oJ32uDn0EHMq8SSbogO1sZzKUTsBcnA5IQ+k= sha512-ee5tp5aDacCSGgiECgzGa2/Bef1LnXUPKrcGlzyouKF5XIo9+KjS5oq7FFc95ifp3m5u5zdIHlVp1KV/ELxS4g==",
    "path": "/méli-mélo/2021-04-gcaem.js"
  },
  "@/méli-mélo/2021-04-gcaem.min.css": {
    "hashes": {
      "sha256": "5IUjtQz5T+00k4lBp6h3gkxsNrggrIVJa/YB+YniN9k=",
      "sha512": "Q1bCiLkPVBy1E0kYw/CvRvOI0PrPwymr/3jc2euqie/tsbRo3zHayspYHa720RJ2fnKvFUpxgGt9W93FBbt6eQ=="
    },
    "integrity": "sha256-5IUjtQz5T+00k4lBp6h3gkxsNrggrIVJa/YB+YniN9k= sha512-Q1bCiLkPVBy1E0kYw/CvRvOI0PrPwymr/3jc2euqie/tsbRo3zHayspYHa720RJ2fnKvFUpxgGt9W93FBbt6eQ==",
    "path": "/méli-mélo/2021-04-gcaem.min.css"
  },
  "@/méli-mélo/2021-04-gcaem.min.js": {
    "hashes": {
      "sha256": "2zTNym+5ux+EXsk8HmyFC8dRMKiLAGJTzCeHHqEqAbk=",
      "sha512": "R17ag/qCcj9ygMOyh8ZqLJF/rygeX/Jwewajb1c5vpD9ajyKAtNtxozsDhKDPZ6uiKUYxDg3Gss2QzOEw2KCgQ=="
    },
    "integrity": "sha256-2zTNym+5ux+EXsk8HmyFC8dRMKiLAGJTzCeHHqEqAbk= sha512-R17ag/qCcj9ygMOyh8ZqLJF/rygeX/Jwewajb1c5vpD9ajyKAtNtxozsDhKDPZ6uiKUYxDg3Gss2QzOEw2KCgQ==",
    "path": "/méli-mélo/2021-04-gcaem.min.js"
  },
  "@/méli-mélo/2022-06-banff.css": {
    "hashes": {
      "sha256": "0nJZ5kccxUzdlkhPw6ctYPL6ubwx8YRy/JZInfb02z0=",
      "sha512": "y9mha9uBvJMZc7Dl71awO2NnDRw762i/TPjIW/ts9ppEYGPpsM8R7E0ENt0buawGraQue/ogxSr+UZMFsx2F7A=="
    },
    "integrity": "sha256-0nJZ5kccxUzdlkhPw6ctYPL6ubwx8YRy/JZInfb02z0= sha512-y9mha9uBvJMZc7Dl71awO2NnDRw762i/TPjIW/ts9ppEYGPpsM8R7E0ENt0buawGraQue/ogxSr+UZMFsx2F7A==",
    "path": "/méli-mélo/2022-06-banff.css"
  },
  "@/méli-mélo/2022-06-banff.js": {
    "hashes": {
      "sha256": "47DEQpj8HBSa+/TImW+5JCeuQeRkm5NMpJWZG3hSuFU=",
      "sha512": "z4PhNX7vuL3xVChQ1m2AB9Yg5AULVxXcg/SpIdNs6c5H0NE8XYXysP+DGNKHfuwvY7kxvUdBeoGlODJ6+SfaPg=="
    },
    "integrity": "sha256-47DEQpj8HBSa+/TImW+5JCeuQeRkm5NMpJWZG3hSuFU= sha512-z4PhNX7vuL3xVChQ1m2AB9Yg5AULVxXcg/SpIdNs6c5H0NE8XYXysP+DGNKHfuwvY7kxvUdBeoGlODJ6+SfaPg==",
    "path": "/méli-mélo/2022-06-banff.js"
  },
  "@/méli-mélo/2022-06-banff.min.css": {
    "hashes": {
      "sha256": "TZn+oamep3ms01syCk4vxPB9bKGpovN9TMdAzOLcJnE=",
      "sha512": "XIez7kAsk73JZOAC2g2aJ8wucJ05S0de1Y4Rpnw1x/nM9jh3FCXywIIZs4alFAjWr2x8LR+uFzhc9hbI9Yv76w=="
    },
    "integrity": "sha256-TZn+oamep3ms01syCk4vxPB9bKGpovN9TMdAzOLcJnE= sha512-XIez7kAsk73JZOAC2g2aJ8wucJ05S0de1Y4Rpnw1x/nM9jh3FCXywIIZs4alFAjWr2x8LR+uFzhc9hbI9Yv76w==",
    "path": "/méli-mélo/2022-06-banff.min.css"
  },
  "@/méli-mélo/2022-06-banff.min.js": {
    "hashes": {
      "sha256": "l7uRXM3wHbFXviXVTf6uqKYAedSi7vASfTnJTyFajRc=",
      "sha512": "jaPbe2FHvEYuNe3501Il45XqqOQRaQz1ySoLy4EyTif4E9eJBOdBoUIDiY09vmoUflDNt6ZKfMO0amOe2UgZ3w=="
    },
    "integrity": "sha256-l7uRXM3wHbFXviXVTf6uqKYAedSi7vASfTnJTyFajRc= sha512-jaPbe2FHvEYuNe3501Il45XqqOQRaQz1ySoLy4EyTif4E9eJBOdBoUIDiY09vmoUflDNt6ZKfMO0amOe2UgZ3w==",
    "path": "/méli-mélo/2022-06-banff.min.js"
  },
  "@/méli-mélo/2023-10-mount-revelstoke.css": {
    "hashes": {
      "sha256": "KQOvYp7mzk5JPJgztpbAHE2Mxn37/1InMEVqL6KYBSI=",
      "sha512": "oJ78rCf5KEXb4SA3JIASqWmFrAxenhH3RWlj/oYtt6Logmfu6dEf1uz4XcsSj7vFkWT/iJQ+U4f9k61LjLW3WQ=="
    },
    "integrity": "sha256-KQOvYp7mzk5JPJgztpbAHE2Mxn37/1InMEVqL6KYBSI= sha512-oJ78rCf5KEXb4SA3JIASqWmFrAxenhH3RWlj/oYtt6Logmfu6dEf1uz4XcsSj7vFkWT/iJQ+U4f9k61LjLW3WQ==",
    "path": "/méli-mélo/2023-10-mount-revelstoke.css"
  },
  "@/méli-mélo/2023-10-mount-revelstoke.js": {
    "hashes": {
      "sha256": "jK2rzc1agU8sce8CIYYvybCY+0Id7rNym/Il1j0Qx7w=",
      "sha512": "AsYtABStQAmaIXJiiAgzHTTnpiVz42d2pIeM1Ef+jTgxJPgrHu0WwPygoNpw8Bre12O3IRDqTITDrbzD3gub4w=="
    },
    "integrity": "sha256-jK2rzc1agU8sce8CIYYvybCY+0Id7rNym/Il1j0Qx7w= sha512-AsYtABStQAmaIXJiiAgzHTTnpiVz42d2pIeM1Ef+jTgxJPgrHu0WwPygoNpw8Bre12O3IRDqTITDrbzD3gub4w==",
    "path": "/méli-mélo/2023-10-mount-revelstoke.js"
  },
  "@/méli-mélo/2023-10-mount-revelstoke.min.css": {
    "hashes": {
      "sha256": "3rO1NizGTnXTzEvimT51wfvsnRtbwNMNXNS/E6teXVw=",
      "sha512": "2arwmuE4uk9poPOBEw57Np4RlsVsXKryDeUuM9Q71s+bjwgDzpZNipJ0HpDH9qjG+FpA/pr7FKwK/ctnopNYjA=="
    },
    "integrity": "sha256-3rO1NizGTnXTzEvimT51wfvsnRtbwNMNXNS/E6teXVw= sha512-2arwmuE4uk9poPOBEw57Np4RlsVsXKryDeUuM9Q71s+bjwgDzpZNipJ0HpDH9qjG+FpA/pr7FKwK/ctnopNYjA==",
    "path": "/méli-mélo/2023-10-mount-revelstoke.min.css"
  },
  "@/méli-mélo/2023-10-mount-revelstoke.min.js": {
    "hashes": {
      "sha256": "xn3Dl5L+mLxjS9ET82yrym4v+D1t6VxM8+b726h6+mU=",
      "sha512": "Aa3HpZdqLi6ubJALCUoBHBvgZcDZ0VIz6ZRx0Fu049eEZoc61EmLIBPYUwVSJ0q+zhnhzQTM9GTP0Z4I1pQ9ag=="
    },
    "integrity": "sha256-xn3Dl5L+mLxjS9ET82yrym4v+D1t6VxM8+b726h6+mU= sha512-Aa3HpZdqLi6ubJALCUoBHBvgZcDZ0VIz6ZRx0Fu049eEZoc61EmLIBPYUwVSJ0q+zhnhzQTM9GTP0Z4I1pQ9ag==",
    "path": "/méli-mélo/2023-10-mount-revelstoke.min.js"
  },
  "@/méli-mélo/2024-09-kejimkujik.css": {
    "hashes": {
      "sha256": "M1/vYae/R2NPFZvnIKzU6kZOdyI50NthVKsaMkR9CsU=",
      "sha512": "7HGYL4XMWG5/ilqCSkNknAzX6Wnu1Pm3d8dkC4lr64ZKhVW1d2WHhSx4xcTVlsi5Tg1JNj3bETbL5+UZPsUW8g=="
    },
    "integrity": "sha256-M1/vYae/R2NPFZvnIKzU6kZOdyI50NthVKsaMkR9CsU= sha512-7HGYL4XMWG5/ilqCSkNknAzX6Wnu1Pm3d8dkC4lr64ZKhVW1d2WHhSx4xcTVlsi5Tg1JNj3bETbL5+UZPsUW8g==",
    "path": "/méli-mélo/2024-09-kejimkujik.css"
  },
  "@/méli-mélo/2024-09-kejimkujik.js": {
    "hashes": {
      "sha256": "/o6QMJY+3m51KReJehmR2U4ssFzQ33ee4n+AMRTEpnw=",
      "sha512": "2/2VRRSi42usitWF8kdp0+iUmGQW7DN3yx28GLzT5feXm5cgKOv5JZ3jd2jzUnBeUs6PgMwZNnsMNXmIGt+UjA=="
    },
    "integrity": "sha256-/o6QMJY+3m51KReJehmR2U4ssFzQ33ee4n+AMRTEpnw= sha512-2/2VRRSi42usitWF8kdp0+iUmGQW7DN3yx28GLzT5feXm5cgKOv5JZ3jd2jzUnBeUs6PgMwZNnsMNXmIGt+UjA==",
    "path": "/méli-mélo/2024-09-kejimkujik.js"
  },
  "@/méli-mélo/2024-09-kejimkujik.min.css": {
    "hashes": {
      "sha256": "ombAUDbT2pam+GA+unoiD+K5chqTBmsPwYZxAAr+l5g=",
      "sha512": "48DJLJ6ioqMrALh0AljprwiuuRW0iHGKYsglF2hs9xaT6/jts29Jg4m7MzlYKc9//4qTinqaiP3oqk9lhTQrrw=="
    },
    "integrity": "sha256-ombAUDbT2pam+GA+unoiD+K5chqTBmsPwYZxAAr+l5g= sha512-48DJLJ6ioqMrALh0AljprwiuuRW0iHGKYsglF2hs9xaT6/jts29Jg4m7MzlYKc9//4qTinqaiP3oqk9lhTQrrw==",
    "path": "/méli-mélo/2024-09-kejimkujik.min.css"
  },
  "@/méli-mélo/2024-09-kejimkujik.min.js": {
    "hashes": {
      "sha256": "vWe0BwO1K94gZ2KjAc/s7r1+0DhqSRsIqe1hGkufuaU=",
      "sha512": "gFCpKfwj0U8YhXv/yL9ZZojdzUNTVStp/krx0LhH1i6v0Lcq23zlPJLwa+EXH3gEZL7/KhweuG1Vl/bHmaPYmA=="
    },
    "integrity": "sha256-vWe0BwO1K94gZ2KjAc/s7r1+0DhqSRsIqe1hGkufuaU= sha512-gFCpKfwj0U8YhXv/yL9ZZojdzUNTVStp/krx0LhH1i6v0Lcq23zlPJLwa+EXH3gEZL7/KhweuG1Vl/bHmaPYmA==",
    "path": "/méli-mélo/2024-09-kejimkujik.min.js"
  },
  "@/méli-mélo/2025-04-nahanni.css": {
    "hashes": {
      "sha256": "J+czzlLIOIIl0j14W1lZXUDnkI6b0altRnUd0CKSDGE=",
      "sha512": "e7OKkT/AG3/VZQ5KkPLhc6F40WGBui0SXQeZYCe6RXnQMrYwJF5NCWyzxdgxkI0NY70kVYDxVv/ZBAJIN3FV/Q=="
    },
    "integrity": "sha256-J+czzlLIOIIl0j14W1lZXUDnkI6b0altRnUd0CKSDGE= sha512-e7OKkT/AG3/VZQ5KkPLhc6F40WGBui0SXQeZYCe6RXnQMrYwJF5NCWyzxdgxkI0NY70kVYDxVv/ZBAJIN3FV/Q==",
    "path": "/méli-mélo/2025-04-nahanni.css"
  },
  "@/méli-mélo/2025-04-nahanni.js": {
    "hashes": {
      "sha256": "f4ld1K11FHf8mNDfjsMDrskiebC3nsVdoRKPdHpAg3s=",
      "sha512": "jj3Vghndgaa1r49Jwympsp7CzgItHa4rllKZS9MZFGHvPNKUvYb5JZOzo7bzFcNTShW50LHrI2G6s8m1qnToGA=="
    },
    "integrity": "sha256-f4ld1K11FHf8mNDfjsMDrskiebC3nsVdoRKPdHpAg3s= sha512-jj3Vghndgaa1r49Jwympsp7CzgItHa4rllKZS9MZFGHvPNKUvYb5JZOzo7bzFcNTShW50LHrI2G6s8m1qnToGA==",
    "path": "/méli-mélo/2025-04-nahanni.js"
  },
  "@/méli-mélo/2025-04-nahanni.min.css": {
    "hashes": {
      "sha256": "FKq+qgO5ci0TbVBk+tpVjcSwSayrrsUuSvxcg+cwfYc=",
      "sha512": "RN5uM2/O4HNNpE+wiiPGEJofW0zkCzuNrNzf39wcSSmYLr8/a5jvhT0qRpU3VHcGdv6rdf5aGZVxosqcrZ42Qw=="
    },
    "integrity": "sha256-FKq+qgO5ci0TbVBk+tpVjcSwSayrrsUuSvxcg+cwfYc= sha512-RN5uM2/O4HNNpE+wiiPGEJofW0zkCzuNrNzf39wcSSmYLr8/a5jvhT0qRpU3VHcGdv6rdf5aGZVxosqcrZ42Qw==",
    "path": "/méli-mélo/2025-04-nahanni.min.css"
  },
  "@/méli-mélo/2025-04-nahanni.min.js": {
    "hashes": {
      "sha256": "Oe2V14y1JqUow1IxM6v477W4o5xo9L9WDnuXWPN51DY=",
      "sha512": "7513yBHjE4KHxp1Z2cYF+NQ0eE1rZC/abq+0XSXFU0BpAwDIOT8rpvhdYnwM/iB7oBhlxiS8D+Rk/jqIz+LihQ=="
    },
    "integrity": "sha256-Oe2V14y1JqUow1IxM6v477W4o5xo9L9WDnuXWPN51DY= sha512-7513yBHjE4KHxp1Z2cYF+NQ0eE1rZC/abq+0XSXFU0BpAwDIOT8rpvhdYnwM/iB7oBhlxiS8D+Rk/jqIz+LihQ==",
    "path": "/méli-mélo/2025-04-nahanni.min.js"
  },
  "@/méli-mélo/gc-thématique.css": {
    "hashes": {
      "sha256": "NPULq7lD0OGyBVkLQdJS5e94dRQ5gW/pRJQmLXv+vAY=",
      "sha512": "0lvSyph6gZAnM6TrnUiXufVLHu6DE0sY8XUbWSU++fwt0vEK8w+YdSklQa+aXTTLZWLG1Hd7o4Dm2silbM8SJw=="
    },
    "integrity": "sha256-NPULq7lD0OGyBVkLQdJS5e94dRQ5gW/pRJQmLXv+vAY= sha512-0lvSyph6gZAnM6TrnUiXufVLHu6DE0sY8XUbWSU++fwt0vEK8w+YdSklQa+aXTTLZWLG1Hd7o4Dm2silbM8SJw==",
    "path": "/méli-mélo/gc-thématique.css"
  },
  "@/méli-mélo/gc-thématique.js": {
    "hashes": {
      "sha256": "47DEQpj8HBSa+/TImW+5JCeuQeRkm5NMpJWZG3hSuFU=",
      "sha512": "z4PhNX7vuL3xVChQ1m2AB9Yg5AULVxXcg/SpIdNs6c5H0NE8XYXysP+DGNKHfuwvY7kxvUdBeoGlODJ6+SfaPg=="
    },
    "integrity": "sha256-47DEQpj8HBSa+/TImW+5JCeuQeRkm5NMpJWZG3hSuFU= sha512-z4PhNX7vuL3xVChQ1m2AB9Yg5AULVxXcg/SpIdNs6c5H0NE8XYXysP+DGNKHfuwvY7kxvUdBeoGlODJ6+SfaPg==",
    "path": "/méli-mélo/gc-thématique.js"
  },
  "@/méli-mélo/gc-thématique.min.css": {
    "hashes": {
      "sha256": "yMw/L5+yl3WBLXB40uDJ7d3w0mcwvh8JUQWjpfUF5Kc=",
      "sha512": "6a2naqZJpnkApBO6gL49P8FZK0UzlM+c7J3kkhuisWrO69HF6JCyb0Zs/7LdeAbDEDO/CJEg6Zfu0mCk8kOq2g=="
    },
    "integrity": "sha256-yMw/L5+yl3WBLXB40uDJ7d3w0mcwvh8JUQWjpfUF5Kc= sha512-6a2naqZJpnkApBO6gL49P8FZK0UzlM+c7J3kkhuisWrO69HF6JCyb0Zs/7LdeAbDEDO/CJEg6Zfu0mCk8kOq2g==",
    "path": "/méli-mélo/gc-thématique.min.css"
  },
  "@/méli-mélo/gc-thématique.min.js": {
    "hashes": {
      "sha256": "l7uRXM3wHbFXviXVTf6uqKYAedSi7vASfTnJTyFajRc=",
      "sha512": "jaPbe2FHvEYuNe3501Il45XqqOQRaQz1ySoLy4EyTif4E9eJBOdBoUIDiY09vmoUflDNt6ZKfMO0amOe2UgZ3w=="
    },
    "integrity": "sha256-l7uRXM3wHbFXviXVTf6uqKYAedSi7vASfTnJTyFajRc= sha512-jaPbe2FHvEYuNe3501Il45XqqOQRaQz1ySoLy4EyTif4E9eJBOdBoUIDiY09vmoUflDNt6ZKfMO0amOe2UgZ3w==",
    "path": "/méli-mélo/gc-thématique.min.js"
  }
}